Company,Description,Phone,Address,Website,Total reviews,Rate reviews,Plus code,Image url,Accessibility
Escola de Futebol Boca Juniors,Escola de esportes,(41) 3011-3580,"Rua Renato Polatti, 2535b - Campo Comprido, Curitiba - PR, 81230-170",//www.googleadservices.com/pagead/aclk?sa=L&ai=DChcSEwiR8e_pkICHAxVgRUgAHVlHD-IYABAAGgJjZQ&ase=2&gclid=EAIaIQobChMIkfHv6ZCAhwMVYEVIAB1ZRw_iEBAYASAAEgLjRfD_BwE&ohost=www.google.com.br&cid=CAASE-RoujGu5LVNcenqiozxmi_N2LY&sig=AOD64_3oLiw7h1jmw3PxmnCbZd_H7UqbNw&adurl&q&ctype=99&nis=6,(27),"4,3","GMQF+GF Campo Comprido, Curitiba - PR",https://lh5.googleusercontent.com/p/AF1QipORpN2SxNHLFdw3vGViQGy6D3Vz2fGqz64vIIwT=w408-h304-k-no,true
Clube da Bola Aluguel de Quadras,Quadra de esportes,(41) 3332-8388,"R. Francisco Nunes, 110 - Rebouças, Curitiba - PR, 80215-000",//www.googleadservices.com/pagead/aclk?sa=L&ai=DChcSEwiR8e_pkICHAxVgRUgAHVlHD-IYABAAGgJjZQ&ase=2&gclid=EAIaIQobChMIkfHv6ZCAhwMVYEVIAB1ZRw_iEBAYASAAEgLjRfD_BwE&ohost=www.google.com.br&cid=CAASE-RoujGu5LVNcenqiozxmi_N2LY&sig=AOD64_3oLiw7h1jmw3PxmnCbZd_H7UqbNw&adurl&q&ctype=99&nis=6,(409),"4,4","HP5R+4C Rebouças, Curitiba - PR",https://lh5.googleusercontent.com/p/AF1QipMVIDX1OcXNKLpTDiu1v37WXvvsZg_g844vCaDV=w408-h725-k-no,true
Atlanta Locação de Quadras,Quadra de esportes,(41) 3275-1711,"R. Carolina Derosso, 108 - Xaxim, Curitiba - PR, 81810-510",//www.googleadservices.com/pagead/aclk?sa=L&ai=DChcSEwiR8e_pkICHAxVgRUgAHVlHD-IYABAAGgJjZQ&ase=2&gclid=EAIaIQobChMIkfHv6ZCAhwMVYEVIAB1ZRw_iEBAYASAAEgLjRfD_BwE&ohost=www.google.com.br&cid=CAASE-RoujGu5LVNcenqiozxmi_N2LY&sig=AOD64_3oLiw7h1jmw3PxmnCbZd_H7UqbNw&adurl&q&ctype=99&nis=6,(1.252),"4,4","GP3H+2P Xaxim, Curitiba - PR",https://lh5.googleusercontent.com/p/AF1QipMVEOQfCqfdJBYmvFgGfQC71MrD_db80uv7ay5j=w408-h306-k-no,true
Ginásio de Esportes Apollo,Quadra de esportes,(41) 99960-2209,"R. Canal Belém - Marginal Leste, 8027 - Uberaba, Curitiba - PR, 81580-190",//www.googleadservices.com/pagead/aclk?sa=L&ai=DChcSEwiR8e_pkICHAxVgRUgAHVlHD-IYABAAGgJjZQ&ase=2&gclid=EAIaIQobChMIkfHv6ZCAhwMVYEVIAB1ZRw_iEBAYASAAEgLjRfD_BwE&ohost=www.google.com.br&cid=CAASE-RoujGu5LVNcenqiozxmi_N2LY&sig=AOD64_3oLiw7h1jmw3PxmnCbZd_H7UqbNw&adurl&q&ctype=99&nis=6,(1.664),"4,6","GQ4F+6Q Uberaba, Curitiba - PR",https://lh5.googleusercontent.com/p/AF1QipOjwFAHDQXd3k7TrPqV8UjTIrMD1Cd-7WVDuKCY=w429-h240-k-no,true
"Contorno da Bola - Futevôlei, Beach Tennis e Vôlei de Praia",Quadra de esportes,(41) 98849-0857,"R. Canal Belém - Marginal Leste, 8027 - Uberaba, Curitiba - PR, 81580-190",//www.googleadservices.com/pagead/aclk?sa=L&ai=DChcSEwiw9pSGkYCHAxUlREgAHXvrBc4YABABGgJjZQ&ase=2&gclid=EAIaIQobChMIsPaUhpGAhwMVJURIAB176wXOEBAYASAAEgIyv_D_BwE&ohost=www.google.com.br&cid=CAASE-RoR1BPUAFQ3MEsjkza_IXgU1U&sig=AOD64_1L_mAakcR3gG2Oup4pZYexCY8A5Q&adurl&q&ctype=99&nis=6,(1.664),"4,6","GQ4F+6Q Uberaba, Curitiba - PR",https://lh5.googleusercontent.com/p/AF1QipOjwFAHDQXd3k7TrPqV8UjTIrMD1Cd-7WVDuKCY=w429-h240-k-no,true
Quadra 7 Esportes,Quadra de esportes,(41) 99897-7187,"R. Delfina Braga Visinoni, 5227 - Orleans, Curitiba - PR, 82305-100",//www.googleadservices.com/pagead/aclk?sa=L&ai=DChcSEwiw9pSGkYCHAxUlREgAHXvrBc4YABABGgJjZQ&ase=2&gclid=EAIaIQobChMIsPaUhpGAhwMVJURIAB176wXOEBAYASAAEgIyv_D_BwE&ohost=www.google.com.br&cid=CAASE-RoR1BPUAFQ3MEsjkza_IXgU1U&sig=AOD64_1L_mAakcR3gG2Oup4pZYexCY8A5Q&adurl&q&ctype=99&nis=6,(840),"4,5","HM93+GW Orleans, Curitiba - PR",https://lh5.googleusercontent.com/p/AF1QipNvV_A-ZqQYGdFCVckuIScvsXZIQxTNNSJ1-pQr=w408-h272-k-no,true
Cia da Bola,Quadra de esportes,(41) 98417-6710,"R. Cascavel, 470 - Boqueirão, Curitiba - PR, 81670-180",//www.googleadservices.com/pagead/aclk?sa=L&ai=DChcSEwiw9pSGkYCHAxUlREgAHXvrBc4YABABGgJjZQ&ase=2&gclid=EAIaIQobChMIsPaUhpGAhwMVJURIAB176wXOEBAYASAAEgIyv_D_BwE&ohost=www.google.com.br&cid=CAASE-RoR1BPUAFQ3MEsjkza_IXgU1U&sig=AOD64_1L_mAakcR3gG2Oup4pZYexCY8A5Q&adurl&q&ctype=99&nis=6,(677),"4,3","FPWX+4H Boqueirão, Curitiba - PR",https://lh5.googleusercontent.com/p/AF1QipP1a-gVVkaLAvk6RgBcCWW_M8Lr4-zvFjdWYfF4=w425-h240-k-no,true
Toque de Bola Locação de Quadra,Quadra de esportes,(41) 3079-9343,"R. Prof. Pedro Viriato Parigot de Souza, 1700 - Mossunguê, Curitiba - PR, 81200-100",//www.googleadservices.com/pagead/aclk?sa=L&ai=DChcSEwiw9pSGkYCHAxUlREgAHXvrBc4YABABGgJjZQ&ase=2&gclid=EAIaIQobChMIsPaUhpGAhwMVJURIAB176wXOEBAYASAAEgIyv_D_BwE&ohost=www.google.com.br&cid=CAASE-RoR1BPUAFQ3MEsjkza_IXgU1U&sig=AOD64_1L_mAakcR3gG2Oup4pZYexCY8A5Q&adurl&q&ctype=99&nis=6,(645),"4,6","HM7F+JJ Mossunguê, Curitiba - PR",https://lh5.googleusercontent.com/p/AF1QipMtFUD1ojoFdarzOYZ-tCxz6FHFFcG9W33iis7B=w426-h240-k-no,true
Duga Sports,Quadra de esportes,(41) 3359-9577,"Rua Paraguassu, S/N - Juvevê, Curitiba - PR, 80030-270",//www.googleadservices.com/pagead/aclk?sa=L&ai=DChcSEwiw9pSGkYCHAxUlREgAHXvrBc4YABABGgJjZQ&ase=2&gclid=EAIaIQobChMIsPaUhpGAhwMVJURIAB176wXOEBAYASAAEgIyv_D_BwE&ohost=www.google.com.br&cid=CAASE-RoR1BPUAFQ3MEsjkza_IXgU1U&sig=AOD64_1L_mAakcR3gG2Oup4pZYexCY8A5Q&adurl&q&ctype=99&nis=6,(140),"4,3","HPHV+X8 Juvevê, Curitiba - PR",https://lh5.googleusercontent.com/p/AF1QipORlWOaKtK2M10ccKNftH64794kEJ8YFh9lkG4X=w408-h392-k-no,true
Top Sports Centro Esportivo,Quadra de esportes,(41) 3346-1117,"Rua Dr. Joaquim Ignácio Silveira da Motta, 1211 - Uberaba, Curitiba - PR, 81530-512",//www.googleadservices.com/pagead/aclk?sa=L&ai=DChcSEwiw9pSGkYCHAxUlREgAHXvrBc4YABABGgJjZQ&ase=2&gclid=EAIaIQobChMIsPaUhpGAhwMVJURIAB176wXOEBAYASAAEgIyv_D_BwE&ohost=www.google.com.br&cid=CAASE-RoR1BPUAFQ3MEsjkza_IXgU1U&sig=AOD64_1L_mAakcR3gG2Oup4pZYexCY8A5Q&adurl&q&ctype=99&nis=6,(427),"4,6","GQJ8+FM Uberaba, Curitiba - PR",https://lh5.googleusercontent.com/p/AF1QipNkSenp4734ZQ389piQhZrg6Y6Y6BEUl_N9VKMC=w408-h306-k-no,true
La Quadra,Treino de futebol,(41) 99205-7893,"Rua Carolina Castelli, 1000 - Novo Mundo, Curitiba - PR, 81050-450",//www.googleadservices.com/pagead/aclk?sa=L&ai=DChcSEwiw9pSGkYCHAxUlREgAHXvrBc4YABABGgJjZQ&ase=2&gclid=EAIaIQobChMIsPaUhpGAhwMVJURIAB176wXOEBAYASAAEgIyv_D_BwE&ohost=www.google.com.br&cid=CAASE-RoR1BPUAFQ3MEsjkza_IXgU1U&sig=AOD64_1L_mAakcR3gG2Oup4pZYexCY8A5Q&adurl&q&ctype=99&nis=6,(2.241),"4,5","GM6P+2M Novo Mundo, Curitiba - PR",https://lh5.googleusercontent.com/p/AF1QipNr2IxBitRwji8C1DFLfsQzWrG6Yc9j45bAZ_Hy=w426-h240-k-no,true
BR Sports,Quadra de esportes,(41) 3275-1566,"Rua Senador Accioly Filho, 851 - Cidade Industrial de Curitiba, Curitiba - PR, 81310-000",//www.googleadservices.com/pagead/aclk?sa=L&ai=DChcSEwiw9pSGkYCHAxUlREgAHXvrBc4YABABGgJjZQ&ase=2&gclid=EAIaIQobChMIsPaUhpGAhwMVJURIAB176wXOEBAYASAAEgIyv_D_BwE&ohost=www.google.com.br&cid=CAASE-RoR1BPUAFQ3MEsjkza_IXgU1U&sig=AOD64_1L_mAakcR3gG2Oup4pZYexCY8A5Q&adurl&q&ctype=99&nis=6,(69),"4,3","GM3M+4Q Cidade Industrial de Curitiba, Curitiba - PR",https://lh5.googleusercontent.com/p/AF1QipPGsBQjWntXdYmFU-yn7UXfcrPYbkTGHDthTMPa=w408-h306-k-no,true
Arena Amigos da Bola,Quadra de esportes,(41) 99272-6241,"BR-116, 15499 - Xaxim, Curitiba - PR, 81690-300",//www.googleadservices.com/pagead/aclk?sa=L&ai=DChcSEwiw9pSGkYCHAxUlREgAHXvrBc4YABABGgJjZQ&ase=2&gclid=EAIaIQobChMIsPaUhpGAhwMVJURIAB176wXOEBAYASAAEgIyv_D_BwE&ohost=www.google.com.br&cid=CAASE-RoR1BPUAFQ3MEsjkza_IXgU1U&sig=AOD64_1L_mAakcR3gG2Oup4pZYexCY8A5Q&adurl&q&ctype=99&nis=6,(474),"4,5","GP4H+Q8 Xaxim, Curitiba - PR",https://lh5.googleusercontent.com/p/AF1QipPRfRZY5VMOxVZkm15QW8xjEF3NcEna3OVzQEk5=w408-h306-k-no,true
Conexão Esportes CWB,Quadra de esportes,(41) 99867-8848,"R. Estados Unidos, 2851 - Boa Vista, Curitiba - PR, 82540-030",//www.googleadservices.com/pagead/aclk?sa=L&ai=DChcSEwiw9pSGkYCHAxUlREgAHXvrBc4YABABGgJjZQ&ase=2&gclid=EAIaIQobChMIsPaUhpGAhwMVJURIAB176wXOEBAYASAAEgIyv_D_BwE&ohost=www.google.com.br&cid=CAASE-RoR1BPUAFQ3MEsjkza_IXgU1U&sig=AOD64_1L_mAakcR3gG2Oup4pZYexCY8A5Q&adurl&q&ctype=99&nis=6,(719),"4,4","JP4V+V2 Boa Vista, Curitiba - PR",https://lh5.googleusercontent.com/p/AF1QipNHn3EVtn-7ggNEgrNoLwZt64XJzDkg93olk1uI=w408-h408-k-no,true
Arena Shark,Quadra de esportes,(41) 99161-8686,"Av. Dr. Eugênio Bertolli, 3465 - Santa Felicidade, Curitiba - PR, 82410-530",//www.googleadservices.com/pagead/aclk?sa=L&ai=DChcSEwiw9pSGkYCHAxUlREgAHXvrBc4YABABGgJjZQ&ase=2&gclid=EAIaIQobChMIsPaUhpGAhwMVJURIAB176wXOEBAYASAAEgIyv_D_BwE&ohost=www.google.com.br&cid=CAASE-RoR1BPUAFQ3MEsjkza_IXgU1U&sig=AOD64_1L_mAakcR3gG2Oup4pZYexCY8A5Q&adurl&q&ctype=99&nis=6,(461),"4,4","JMHC+F3 Santa Felicidade, Curitiba - PR",https://lh5.googleusercontent.com/p/AF1QipO6K22IdxiAwTWcoSoeEzshwat8QA5PHxvd6f3G=w408-h545-k-no,true
Rocha Sports,Quadra de esportes,(41) 98435-6429,"Rod. Régis Bittencourt, 4821 - Bairro Alto, Curitiba - PR, 82590-100",//www.googleadservices.com/pagead/aclk?sa=L&ai=DChcSEwiw9pSGkYCHAxUlREgAHXvrBc4YABABGgJjZQ&ase=2&gclid=EAIaIQobChMIsPaUhpGAhwMVJURIAB176wXOEBAYASAAEgIyv_D_BwE&ohost=www.google.com.br&cid=CAASE-RoR1BPUAFQ3MEsjkza_IXgU1U&sig=AOD64_1L_mAakcR3gG2Oup4pZYexCY8A5Q&adurl&q&ctype=99&nis=6,(96),"4,6","HQPH+CC Bairro Alto, Curitiba - PR",https://lh5.googleusercontent.com/p/AF1QipOMVE0f36FZd8w7sF21ZiNjVxkgGDh2RM1B4ase=w425-h240-k-no,true
Quadras Esportivas Curitiba - Becker Quadras Poliesportivas,Quadra de esportes,(41) 99782-9788,"R. Eduardo Pinto da Rocha, 1310 - Alto Boqueirão, Curitiba - PR, 81850-000",//www.googleadservices.com/pagead/aclk?sa=L&ai=DChcSEwiw9pSGkYCHAxUlREgAHXvrBc4YABABGgJjZQ&ase=2&gclid=EAIaIQobChMIsPaUhpGAhwMVJURIAB176wXOEBAYASAAEgIyv_D_BwE&ohost=www.google.com.br&cid=CAASE-RoR1BPUAFQ3MEsjkza_IXgU1U&sig=AOD64_1L_mAakcR3gG2Oup4pZYexCY8A5Q&adurl&q&ctype=99&nis=6,(703),"4,6","FQ54+5X Alto Boqueirão, Curitiba - PR",https://lh5.googleusercontent.com/p/AF1QipMr0516R_gXOj33TeW53T5UODvHuuv9SH8cQz2b=w426-h240-k-no,true
Eco Soccer Locação De Quadras Sintéticas,Quadra de esportes,(41) 99671-8900,"R. Cel. Herculano de Araújo, 22 - Sala 04 - Novo Mundo, Curitiba - PR, 81050-090",//www.googleadservices.com/pagead/aclk?sa=L&ai=DChcSEwiw9pSGkYCHAxUlREgAHXvrBc4YABABGgJjZQ&ase=2&gclid=EAIaIQobChMIsPaUhpGAhwMVJURIAB176wXOEBAYASAAEgIyv_D_BwE&ohost=www.google.com.br&cid=CAASE-RoR1BPUAFQ3MEsjkza_IXgU1U&sig=AOD64_1L_mAakcR3gG2Oup4pZYexCY8A5Q&adurl&q&ctype=99&nis=6,,,"GP74+54 Novo Mundo, Curitiba - PR",https://lh5.googleusercontent.com/p/AF1QipONAGo87UgDnU_5WikdKr84xg4Qzy9E8nFwRbJO=w494-h240-k-no,false
Rede Esportes escola de volei e Futsal,Campo de futebol,(41) 99609-3265,"R. Nilo Peçanha, 2575 - Pilarzinho, Curitiba - PR, 82120-440",//www.googleadservices.com/pagead/aclk?sa=L&ai=DChcSEwiw9pSGkYCHAxUlREgAHXvrBc4YABABGgJjZQ&ase=2&gclid=EAIaIQobChMIsPaUhpGAhwMVJURIAB176wXOEBAYASAAEgIyv_D_BwE&ohost=www.google.com.br&cid=CAASE-RoR1BPUAFQ3MEsjkza_IXgU1U&sig=AOD64_1L_mAakcR3gG2Oup4pZYexCY8A5Q&adurl&q&ctype=99&nis=6,(512),"4,6","JP2G+MG Pilarzinho, Curitiba - PR",https://lh5.googleusercontent.com/p/AF1QipNN8LXfLLxLFSEZL57hX_ITUaZYhYlQ5Y9Dcquj=w408-h272-k-no,true
Quadra Gralha Azul Praça Luiz Fernado Mainardes,Quadra de esportes,,"R. Nicácio Riquelme, 220 - Capão da Imbuia, Curitiba - PR, 82810-420",//www.googleadservices.com/pagead/aclk?sa=L&ai=DChcSEwiw9pSGkYCHAxUlREgAHXvrBc4YABABGgJjZQ&ase=2&gclid=EAIaIQobChMIsPaUhpGAhwMVJURIAB176wXOEBAYASAAEgIyv_D_BwE&ohost=www.google.com.br&cid=CAASE-RoR1BPUAFQ3MEsjkza_IXgU1U&sig=AOD64_1L_mAakcR3gG2Oup4pZYexCY8A5Q&adurl&q&ctype=99&nis=6,(124),"4,5","HQ8Q+PV Capão da Imbuia, Curitiba - PR",https://lh5.googleusercontent.com/p/AF1QipNv93u67ELp3aTe-x0oGKSLEo8QkJERT92kvIJD=w647-h240-k-no,true
Premium Esportes e Eventos,Quadra de esportes,(41) 98754-8314,"Novo Mundo, Curitiba - PR, 81020-520",//www.googleadservices.com/pagead/aclk?sa=L&ai=DChcSEwiw9pSGkYCHAxUlREgAHXvrBc4YABABGgJjZQ&ase=2&gclid=EAIaIQobChMIsPaUhpGAhwMVJURIAB176wXOEBAYASAAEgIyv_D_BwE&ohost=www.google.com.br&cid=CAASE-RoR1BPUAFQ3MEsjkza_IXgU1U&sig=AOD64_1L_mAakcR3gG2Oup4pZYexCY8A5Q&adurl&q&ctype=99&nis=6,(190),"4,7","GP47+9P Novo Mundo, Curitiba - PR",https://lh5.googleusercontent.com/p/AF1QipPawZ1-7qYpwmakxIZVqwp5r0MBrH6FgsLhTWdc=w408-h306-k-no,true
Cancha de Futebol Dono da Bola,Quadra de esportes,(41) 3369-3613,"Rua Renato Polatti, 2535 - Campo Comprido, Curitiba - PR, 81230-170",//www.googleadservices.com/pagead/aclk?sa=L&ai=DChcSEwiw9pSGkYCHAxUlREgAHXvrBc4YABABGgJjZQ&ase=2&gclid=EAIaIQobChMIsPaUhpGAhwMVJURIAB176wXOEBAYASAAEgIyv_D_BwE&ohost=www.google.com.br&cid=CAASE-RoR1BPUAFQ3MEsjkza_IXgU1U&sig=AOD64_1L_mAakcR3gG2Oup4pZYexCY8A5Q&adurl&q&ctype=99&nis=6,(648),"4,5","GMQF+C9 Campo Comprido, Curitiba - PR",https://lh5.googleusercontent.com/p/AF1QipOWRMIB7PKWWOuoNx370jOE7j4PvcdQOeJ4AHEw=w426-h240-k-no,true
Copa 14 Esportes e Lazer,Quadra de esportes,(41) 3088-2014,"BR-277, 3944 - Uberaba, Curitiba - PR, 81550-225",//www.googleadservices.com/pagead/aclk?sa=L&ai=DChcSEwiw9pSGkYCHAxUlREgAHXvrBc4YABABGgJjZQ&ase=2&gclid=EAIaIQobChMIsPaUhpGAhwMVJURIAB176wXOEBAYASAAEgIyv_D_BwE&ohost=www.google.com.br&cid=CAASE-RoR1BPUAFQ3MEsjkza_IXgU1U&sig=AOD64_1L_mAakcR3gG2Oup4pZYexCY8A5Q&adurl&q&ctype=99&nis=6,(1.021),"4,4","GQGQ+PM Uberaba, Curitiba - PR",https://lh5.googleusercontent.com/p/AF1QipPErUcinJFycGFpiQopIxddV-fWLL4YVwQxdOee=w408-h725-k-no,true
JB esportes & eventos,Quadra de esportes,(41) 99290-2962,"R. Amadeu do Amaral, 1141 - Portão, Curitiba - PR, 82110-050",//www.googleadservices.com/pagead/aclk?sa=L&ai=DChcSEwiw9pSGkYCHAxUlREgAHXvrBc4YABABGgJjZQ&ase=2&gclid=EAIaIQobChMIsPaUhpGAhwMVJURIAB176wXOEBAYASAAEgIyv_D_BwE&ohost=www.google.com.br&cid=CAASE-RoR1BPUAFQ3MEsjkza_IXgU1U&sig=AOD64_1L_mAakcR3gG2Oup4pZYexCY8A5Q&adurl&q&ctype=99&nis=6,(780),"4,5","GMJQ+H5 Portão, Curitiba - PR",https://lh5.googleusercontent.com/p/AF1QipOwUSsxbZ33rcNBtFEeIKfJs2QFa_ZkJUMH2evW=w408-h306-k-no,true
Vaz Sports,Quadra de esportes,(41) 99786-1122,"R. João Bettega, 3173 - Portão, Curitiba - PR",//www.googleadservices.com/pagead/aclk?sa=L&ai=DChcSEwiw9pSGkYCHAxUlREgAHXvrBc4YABABGgJjZQ&ase=2&gclid=EAIaIQobChMIsPaUhpGAhwMVJURIAB176wXOEBAYASAAEgIyv_D_BwE&ohost=www.google.com.br&cid=CAASE-RoR1BPUAFQ3MEsjkza_IXgU1U&sig=AOD64_1L_mAakcR3gG2Oup4pZYexCY8A5Q&adurl&q&ctype=99&nis=6,(3.085),"4,6","GM6J+Q3 Portão, Curitiba - PR",https://lh5.googleusercontent.com/p/AF1QipPssw-yyqcNmSWV4GrZAQRBkR3emTmpn1o2RCFa=w408-h271-k-no,true
Quadra de Basquete Arthur Bernardes,Campo de futebol,,"R. João Azolin, 795 - Santa Felicidade, Curitiba - PR, 82015-040",//www.googleadservices.com/pagead/aclk?sa=L&ai=DChcSEwiw9pSGkYCHAxUlREgAHXvrBc4YABABGgJjZQ&ase=2&gclid=EAIaIQobChMIsPaUhpGAhwMVJURIAB176wXOEBAYASAAEgIyv_D_BwE&ohost=www.google.com.br&cid=CAASE-RoR1BPUAFQ3MEsjkza_IXgU1U&sig=AOD64_1L_mAakcR3gG2Oup4pZYexCY8A5Q&adurl&q&ctype=99&nis=6,(157),"4,5","HMQ9+2M Santa Felicidade, Curitiba - PR",https://lh5.googleusercontent.com/p/AF1QipNUORc7WuvJyAHBPZaCHky1WMdKHP2Bw0MRs1Mq=w408-h306-k-no,true
Maestro Centro Esportivo,Quadra de basquete,(41) 98516-7217,"Av. Presidente Arthur da Silva Bernardes, 669 - Vila Izabel, Curitiba - PR, 80320-300",//www.googleadservices.com/pagead/aclk?sa=L&ai=DChcSEwiw9pSGkYCHAxUlREgAHXvrBc4YABABGgJjZQ&ase=2&gclid=EAIaIQobChMIsPaUhpGAhwMVJURIAB176wXOEBAYASAAEgIyv_D_BwE&ohost=www.google.com.br&cid=CAASE-RoR1BPUAFQ3MEsjkza_IXgU1U&sig=AOD64_1L_mAakcR3gG2Oup4pZYexCY8A5Q&adurl&q&ctype=99&nis=6,(293),"4,6","GMRW+PW Vila Izabel, Curitiba - PR",https://lh5.googleusercontent.com/p/AF1QipPOXKbuMNgIvYmBw5YOizY4LiWjmhDfrCw8rGtj=w426-h240-k-no,false
Meia Alta Society,Quadra de esportes,(41) 98522-9744,"R. Maestro Carlos Frank, 2480 - Boqueirão, Curitiba - PR, 81750-400",//www.googleadservices.com/pagead/aclk?sa=L&ai=DChcSEwiw9pSGkYCHAxUlREgAHXvrBc4YABABGgJjZQ&ase=2&gclid=EAIaIQobChMIsPaUhpGAhwMVJURIAB176wXOEBAYASAAEgIyv_D_BwE&ohost=www.google.com.br&cid=CAASE-RoR1BPUAFQ3MEsjkza_IXgU1U&sig=AOD64_1L_mAakcR3gG2Oup4pZYexCY8A5Q&adurl&q&ctype=99&nis=6,(315),"4,7","FQG5+XC Boqueirão, Curitiba - PR",https://lh5.googleusercontent.com/p/AF1QipOqtyyuaTlGSW32ruMA7lqE1WlSesBS6yyOgeN5=w408-h306-k-no,false
Centro de Futebol - Arena dos Campeões,Quadra de esportes,(41) 99600-0681,"Rua Affife Mansur, 698 - Novo Mundo, Curitiba - PR, 81050-180",//www.googleadservices.com/pagead/aclk?sa=L&ai=DChcSEwiw9pSGkYCHAxUlREgAHXvrBc4YABABGgJjZQ&ase=2&gclid=EAIaIQobChMIsPaUhpGAhwMVJURIAB176wXOEBAYASAAEgIyv_D_BwE&ohost=www.google.com.br&cid=CAASE-RoR1BPUAFQ3MEsjkza_IXgU1U&sig=AOD64_1L_mAakcR3gG2Oup4pZYexCY8A5Q&adurl&q&ctype=99&nis=6,(175),"4,7","GM3W+VG Novo Mundo, Curitiba - PR",https://lh5.googleusercontent.com/p/AF1QipO1n3kBh00ujUIFcoX7ABgMCZOlfpWpKD_2zMT6=w426-h240-k-no,true
Quadra Extra XV,Quadra de esportes,,"R. Antônio Barbosa Ferraz Júnior, 360 - Portão, Curitiba - PR, 81320-270",//www.googleadservices.com/pagead/aclk?sa=L&ai=DChcSEwiw9pSGkYCHAxUlREgAHXvrBc4YABABGgJjZQ&ase=2&gclid=EAIaIQobChMIsPaUhpGAhwMVJURIAB176wXOEBAYASAAEgIyv_D_BwE&ohost=www.google.com.br&cid=CAASE-RoR1BPUAFQ3MEsjkza_IXgU1U&sig=AOD64_1L_mAakcR3gG2Oup4pZYexCY8A5Q&adurl&q&ctype=99&nis=6,(605),"4,6","GMFP+G3 Portão, Curitiba - PR",https://lh5.googleusercontent.com/p/AF1QipPyNQreU3Wq6pbrlbkBkhQIxkDOq2R3Oro9fqkQ=w408-h408-k-no,true
Centro Esportivo da A.R.P.,Quadra de basquete,(41) 3324-1481,"Av. Mal. Humberto de Alencar Castelo Branco, 521-599 - Jardim Social, Curitiba - PR, 82530-020",//www.googleadservices.com/pagead/aclk?sa=L&ai=DChcSEwiw9pSGkYCHAxUlREgAHXvrBc4YABABGgJjZQ&ase=2&gclid=EAIaIQobChMIsPaUhpGAhwMVJURIAB176wXOEBAYASAAEgIyv_D_BwE&ohost=www.google.com.br&cid=CAASE-RoR1BPUAFQ3MEsjkza_IXgU1U&sig=AOD64_1L_mAakcR3gG2Oup4pZYexCY8A5Q&adurl&q&ctype=99&nis=6,(43),"4,4","HQ96+4F Jardim Social, Curitiba - PR",https://lh5.googleusercontent.com/p/AF1QipOsH3TeOZOryt_siekmObz9VJ80EBbIiQANoF1D=w408-h408-k-no,true
FTM Beach Sports,Quadra de esportes,(41) 3092-2002,"Rua 24 de Maio, 988 - Rebouças, Curitiba - PR, 80230-080",//www.googleadservices.com/pagead/aclk?sa=L&ai=DChcSEwiw9pSGkYCHAxUlREgAHXvrBc4YABABGgJjZQ&ase=2&gclid=EAIaIQobChMIsPaUhpGAhwMVJURIAB176wXOEBAYASAAEgIyv_D_BwE&ohost=www.google.com.br&cid=CAASE-RoR1BPUAFQ3MEsjkza_IXgU1U&sig=AOD64_1L_mAakcR3gG2Oup4pZYexCY8A5Q&adurl&q&ctype=99&nis=6,(388),"4,6","HP3H+RR Rebouças, Curitiba - PR",https://lh3.googleusercontent.com/gps-proxy/ALd4DhEYfifEhYvlSYRntW-a6ncnpc5DEyIe8zhD8FruqiwmOGs7P3lWO-BxWIBB5YbdhqyFrQ_UL-i9jdTTMYicYqM5DrUH_QRoCmM6msue-SceFEw9FdEOBydcESrg4SDIThrk77_S-cJ1F9ogS81j9I7xWBfz-0YMxQlGOQsTPw9LY2-T6Y7DiltK6zFdZsCxHeaJLw=w408-h306-k-no,true
Pé de Coelho Esportes,Quadra de esportes,(41) 3329-1352,"R. Pedro Gusso, 1026 - Novo Mundo, Curitiba - PR, 81050-200",//www.googleadservices.com/pagead/aclk?sa=L&ai=DChcSEwiw9pSGkYCHAxUlREgAHXvrBc4YABABGgJjZQ&ase=2&gclid=EAIaIQobChMIsPaUhpGAhwMVJURIAB176wXOEBAYASAAEgIyv_D_BwE&ohost=www.google.com.br&cid=CAASE-RoR1BPUAFQ3MEsjkza_IXgU1U&sig=AOD64_1L_mAakcR3gG2Oup4pZYexCY8A5Q&adurl&q&ctype=99&nis=6,(711),"4,4","GM3W+45 Novo Mundo, Curitiba - PR",https://lh5.googleusercontent.com/p/AF1QipPOih3yud4vat9YD_lPdHBeImMqcp8JDGWM4h-w=w408-h306-k-no,true
Quadra de Basquete - Vila Verde,Quadra de esportes,,"R. Prof. Brasílio Ovídio da Costa, 1800 - Santa Quiteria, Curitiba - PR, 80310-130",//www.googleadservices.com/pagead/aclk?sa=L&ai=DChcSEwiw9pSGkYCHAxUlREgAHXvrBc4YABABGgJjZQ&ase=2&gclid=EAIaIQobChMIsPaUhpGAhwMVJURIAB176wXOEBAYASAAEgIyv_D_BwE&ohost=www.google.com.br&cid=CAASE-RoR1BPUAFQ3MEsjkza_IXgU1U&sig=AOD64_1L_mAakcR3gG2Oup4pZYexCY8A5Q&adurl&q&ctype=99&nis=6,(391),"4,5","GMPR+WH Santa Quiteria, Curitiba - PR",https://lh5.googleusercontent.com/p/AF1QipOXOie8tHMydgp2vQ4TABWLhWWavpaxvwoXNdcU=w408-h306-k-no,true
Copacabana Sports,Quadra de basquete,(41) 98825-4162,"Rua Ney Pacheco, 419-521 - Cidade Industrial de Curitiba, Curitiba - PR, 81460-176",//www.googleadservices.com/pagead/aclk?sa=L&ai=DChcSEwiw9pSGkYCHAxUlREgAHXvrBc4YABABGgJjZQ&ase=2&gclid=EAIaIQobChMIsPaUhpGAhwMVJURIAB176wXOEBAYASAAEgIyv_D_BwE&ohost=www.google.com.br&cid=CAASE-RoR1BPUAFQ3MEsjkza_IXgU1U&sig=AOD64_1L_mAakcR3gG2Oup4pZYexCY8A5Q&adurl&q&ctype=99&nis=6,(81),"4,2","FMC7+32 Cidade Industrial de Curitiba, Curitiba - PR",https://lh5.googleusercontent.com/p/AF1QipPh8GSZuI-jrtnb6-4oUDYGaPvnZfldfzGcOGrg=w426-h240-k-no,true
Quadra Pública de Tênis - Arthur Bernardes,Quadra de esportes,,"Rua Antônio Simm, 809 - Capão da Imbuia, Curitiba - PR, 82800-290",//www.googleadservices.com/pagead/aclk?sa=L&ai=DChcSEwiw9pSGkYCHAxUlREgAHXvrBc4YABABGgJjZQ&ase=2&gclid=EAIaIQobChMIsPaUhpGAhwMVJURIAB176wXOEBAYASAAEgIyv_D_BwE&ohost=www.google.com.br&cid=CAASE-RoR1BPUAFQ3MEsjkza_IXgU1U&sig=AOD64_1L_mAakcR3gG2Oup4pZYexCY8A5Q&adurl&q&ctype=99&nis=6,(211),"4,8","HQ8C+Q2 Capão da Imbuia, Curitiba - PR",https://lh5.googleusercontent.com/p/AF1QipNVfB7OXmiL1RaLjLPa6HAyjDUBnyJcf8IpZ_YY=w408-h306-k-no,true
Quadra de Basquete Wenceslau,Quadra de tênis,,"Av. Presidente Arthur da Silva Bernardes, 589 - Portão, Curitiba - PR, 80320-300",//www.googleadservices.com/pagead/aclk?sa=L&ai=DChcSEwiw9pSGkYCHAxUlREgAHXvrBc4YABABGgJjZQ&ase=2&gclid=EAIaIQobChMIsPaUhpGAhwMVJURIAB176wXOEBAYASAAEgIyv_D_BwE&ohost=www.google.com.br&cid=CAASE-RoR1BPUAFQ3MEsjkza_IXgU1U&sig=AOD64_1L_mAakcR3gG2Oup4pZYexCY8A5Q&adurl&q&ctype=99&nis=6,(274),"4,5","GMVW+3R Portão, Curitiba - PR",https://lh5.googleusercontent.com/p/AF1QipPa9tCRBjW156FzN4WBl6Bykvl_oCFkF0qhYQ9-=w408-h408-k-no,false
Jardim Ambiental - Quadra De Tênis,Quadra de basquete,,"Av. Presidente Wenceslau Braz, 2205k - Lindoia, Curitiba - PR, 81010-001",//www.googleadservices.com/pagead/aclk?sa=L&ai=DChcSEwiw9pSGkYCHAxUlREgAHXvrBc4YABABGgJjZQ&ase=2&gclid=EAIaIQobChMIsPaUhpGAhwMVJURIAB176wXOEBAYASAAEgIyv_D_BwE&ohost=www.google.com.br&cid=CAASE-RoR1BPUAFQ3MEsjkza_IXgU1U&sig=AOD64_1L_mAakcR3gG2Oup4pZYexCY8A5Q&adurl&q&ctype=99&nis=6,(81),"4,1","GPFF+WR Lindoia, Curitiba - PR",https://lh5.googleusercontent.com/p/AF1QipPbCjPL85LYEkujR7abmgWBrniB2hizyM0K53uR=w408-h544-k-no,false
Ginasio De Esportes Pinheirinho,Quadra de tênis,(41) 99986-7132,"Cristo Rei, Curitiba - PR, 81020-430",//www.googleadservices.com/pagead/aclk?sa=L&ai=DChcSEwiw9pSGkYCHAxUlREgAHXvrBc4YABABGgJjZQ&ase=2&gclid=EAIaIQobChMIsPaUhpGAhwMVJURIAB176wXOEBAYASAAEgIyv_D_BwE&ohost=www.google.com.br&cid=CAASE-RoR1BPUAFQ3MEsjkza_IXgU1U&sig=AOD64_1L_mAakcR3gG2Oup4pZYexCY8A5Q&adurl&q&ctype=99&nis=6,(71),"4,5","HP9X+8G Cristo Rei, Curitiba - PR",https://lh5.googleusercontent.com/p/AF1QipM41fz1bxWjMexcM8Wem36UMTAzIIQaDYgpIplE=w426-h240-k-no,false
Brasil Soccer,Quadra de esportes,(41) 98403-9747,"Rua Francisco Dallalibera, 910 - Santa Felicidade, Curitiba - PR, 82030-300",//www.googleadservices.com/pagead/aclk?sa=L&ai=DChcSEwiw9pSGkYCHAxUlREgAHXvrBc4YABABGgJjZQ&ase=2&gclid=EAIaIQobChMIsPaUhpGAhwMVJURIAB176wXOEBAYASAAEgIyv_D_BwE&ohost=www.google.com.br&cid=CAASE-RoR1BPUAFQ3MEsjkza_IXgU1U&sig=AOD64_1L_mAakcR3gG2Oup4pZYexCY8A5Q&adurl&q&ctype=99&nis=6,(262),"4,4","JM5C+2Q Santa Felicidade, Curitiba - PR",https://lh5.googleusercontent.com/p/AF1QipNXWhBAUiinlodX1QjF__cDnEevFjYGX9Xve-RO=w408-h306-k-no,false
Meia Praia Beach Sports,Campo de futebol,(41) 99236-4876,"R. João Bettega, 1250 - Portão, Curitiba - PR, 81050-030",//www.googleadservices.com/pagead/aclk?sa=L&ai=DChcSEwiw9pSGkYCHAxUlREgAHXvrBc4YABABGgJjZQ&ase=2&gclid=EAIaIQobChMIsPaUhpGAhwMVJURIAB176wXOEBAYASAAEgIyv_D_BwE&ohost=www.google.com.br&cid=CAASE-RoR1BPUAFQ3MEsjkza_IXgU1U&sig=AOD64_1L_mAakcR3gG2Oup4pZYexCY8A5Q&adurl&q&ctype=99&nis=6,(492),"4,6","GMFV+GC Portão, Curitiba - PR",https://lh5.googleusercontent.com/p/AF1QipPeRGUCXra0EcsItavpD7NUB4a5Onw8o4HSbdrL=w408-h306-k-no,true
Armazém da Bola,Quadra de esportes,(41) 99232-2800,"R. Durval Jungles, 98 - Pinheirinho, Curitiba - PR, 81870-340",//www.googleadservices.com/pagead/aclk?sa=L&ai=DChcSEwiw9pSGkYCHAxUlREgAHXvrBc4YABABGgJjZQ&ase=2&gclid=EAIaIQobChMIsPaUhpGAhwMVJURIAB176wXOEBAYASAAEgIyv_D_BwE&ohost=www.google.com.br&cid=CAASE-RoR1BPUAFQ3MEsjkza_IXgU1U&sig=AOD64_1L_mAakcR3gG2Oup4pZYexCY8A5Q&adurl&q&ctype=99&nis=6,(121),"4,8","FPG5+H6 Pinheirinho, Curitiba - PR",https://lh5.googleusercontent.com/p/AF1QipMolKYbCgT4zPpp2qLN_K7FovwruBd0It2SlOrR=w426-h240-k-no,true
Dna Sports - Futevôlei Curitiba - Futevôlei em Curitiba.,Quadra de esportes,(41) 99999-5918,"Rua Renato Polatti, 2800 - Campo Comprido, Curitiba - PR, 81020-490",//www.googleadservices.com/pagead/aclk?sa=L&ai=DChcSEwiw9pSGkYCHAxUlREgAHXvrBc4YABABGgJjZQ&ase=2&gclid=EAIaIQobChMIsPaUhpGAhwMVJURIAB176wXOEBAYASAAEgIyv_D_BwE&ohost=www.google.com.br&cid=CAASE-RoR1BPUAFQ3MEsjkza_IXgU1U&sig=AOD64_1L_mAakcR3gG2Oup4pZYexCY8A5Q&adurl&q&ctype=99&nis=6,(381),"4,2","GMQC+HJ Campo Comprido, Curitiba - PR",https://lh5.googleusercontent.com/p/AF1QipOexuZnyIvI7P7hCEj6BzJhAtbT3xLXHr_Hd-ph=w408-h306-k-no,false
Arena Grécia Tennis e Beach Sports,Quadra de esportes,(41) 98837-6117,"R. Carlos de Laet, 2200 - Hauer, Curitiba - PR, 81610-050",//www.googleadservices.com/pagead/aclk?sa=L&ai=DChcSEwiw9pSGkYCHAxUlREgAHXvrBc4YABABGgJjZQ&ase=2&gclid=EAIaIQobChMIsPaUhpGAhwMVJURIAB176wXOEBAYASAAEgIyv_D_BwE&ohost=www.google.com.br&cid=CAASE-RoR1BPUAFQ3MEsjkza_IXgU1U&sig=AOD64_1L_mAakcR3gG2Oup4pZYexCY8A5Q&adurl&q&ctype=99&nis=6,(51),"4,7","GQ84+XM Hauer, Curitiba - PR",https://lh5.googleusercontent.com/p/AF1QipMKpBzj77AA2w0SpSFgKPiaJ9OvRPxiHdM-6-g=w408-h425-k-no,true
Curitiba Beach Sports,Quadra de esportes,(41) 99270-3663,"BEACH SPORTS: Rua Pará 1460 TENNIS: Rua Pará 1476, R. Amazonas, 1315 - entrada secundária - Água Verde, Curitiba - PR, 80610-020",//www.googleadservices.com/pagead/aclk?sa=L&ai=DChcSEwiw9pSGkYCHAxUlREgAHXvrBc4YABABGgJjZQ&ase=2&gclid=EAIaIQobChMIsPaUhpGAhwMVJURIAB176wXOEBAYASAAEgIyv_D_BwE&ohost=www.google.com.br&cid=CAASE-RoR1BPUAFQ3MEsjkza_IXgU1U&sig=AOD64_1L_mAakcR3gG2Oup4pZYexCY8A5Q&adurl&q&ctype=99&nis=6,(103),"4,8","GPH6+QX Água Verde, Curitiba - PR",https://lh5.googleusercontent.com/p/AF1QipNIBOEzMohpw8JqDvwOuR99QJFSvjX1nTBzdM3x=w426-h240-k-no,false
Quadras de Areia do Parque Barigüi,Quadra de esportes,,"Rua Manoel Vicente de Oliveira Mello, 1581 - Tarumã, Curitiba - PR, 82530-460",//www.googleadservices.com/pagead/aclk?sa=L&ai=DChcSEwiw9pSGkYCHAxUlREgAHXvrBc4YABABGgJjZQ&ase=2&gclid=EAIaIQobChMIsPaUhpGAhwMVJURIAB176wXOEBAYASAAEgIyv_D_BwE&ohost=www.google.com.br&cid=CAASE-RoR1BPUAFQ3MEsjkza_IXgU1U&sig=AOD64_1L_mAakcR3gG2Oup4pZYexCY8A5Q&adurl&q&ctype=99&nis=6,(40),"4,9","HQ88+QJ Tarumã, Curitiba - PR",https://lh5.googleusercontent.com/p/AF1QipPeWv2CH09jad0nhh3dTjM3gwXWvmbLGJzqzm_d=w408-h544-k-no,true
Adm Esportes,Campo de futebol,(41) 3333-9339,"Alameda Ecologica Burle Marx, 625 - Mercês, Curitiba - PR, 80710-410",//www.googleadservices.com/pagead/aclk?sa=L&ai=DChcSEwiw9pSGkYCHAxUlREgAHXvrBc4YABABGgJjZQ&ase=2&gclid=EAIaIQobChMIsPaUhpGAhwMVJURIAB176wXOEBAYASAAEgIyv_D_BwE&ohost=www.google.com.br&cid=CAASE-RoR1BPUAFQ3MEsjkza_IXgU1U&sig=AOD64_1L_mAakcR3gG2Oup4pZYexCY8A5Q&adurl&q&ctype=99&nis=6,(5),"4,4","HMHR+4V Mercês, Curitiba - PR",https://lh5.googleusercontent.com/p/AF1QipNJgjc5I7M6gUZ7heqUvME3EEvaR3cqyHvjx2Vi=w408-h306-k-no,false
Avn Sports,Campo de futebol,(41) 99918-0620,"R. Otávio Francisco Dias, 150 - Água Verde, Curitiba - PR, 80620-310",//www.googleadservices.com/pagead/aclk?sa=L&ai=DChcSEwiw9pSGkYCHAxUlREgAHXvrBc4YABABGgJjZQ&ase=2&gclid=EAIaIQobChMIsPaUhpGAhwMVJURIAB176wXOEBAYASAAEgIyv_D_BwE&ohost=www.google.com.br&cid=CAASE-RoR1BPUAFQ3MEsjkza_IXgU1U&sig=AOD64_1L_mAakcR3gG2Oup4pZYexCY8A5Q&adurl&q&ctype=99&nis=6,(513),"4,4","GPWF+2M Água Verde, Curitiba - PR",https://lh5.googleusercontent.com/p/AF1QipPKOKEiV-Kz6o-fvJ20FbjtYOIUxpC1z08H3HCU=w408-h306-k-no,true
Portal da Bola Curitiba,Quadra de esportes,(41) 99146-1436,"R. Dr. Danilo Gomes, 1000 - Boqueirão, Curitiba - PR, 81670-250",//www.googleadservices.com/pagead/aclk?sa=L&ai=DChcSEwiw9pSGkYCHAxUlREgAHXvrBc4YABABGgJjZQ&ase=2&gclid=EAIaIQobChMIsPaUhpGAhwMVJURIAB176wXOEBAYASAAEgIyv_D_BwE&ohost=www.google.com.br&cid=CAASE-RoR1BPUAFQ3MEsjkza_IXgU1U&sig=AOD64_1L_mAakcR3gG2Oup4pZYexCY8A5Q&adurl&q&ctype=99&nis=6,(782),"4,5","FPRX+3J Boqueirão, Curitiba - PR",https://lh5.googleusercontent.com/p/AF1QipODBQzCPuqI273davadNobT5dHIt7REjlC1bDrL=w408-h544-k-no,true
Quadra de Futevôlei,Campo de futebol,,"R. Lamenha Lins, 2077 - Rebouças, Curitiba - PR, 80220-080",//www.googleadservices.com/pagead/aclk?sa=L&ai=DChcSEwiw9pSGkYCHAxUlREgAHXvrBc4YABABGgJjZQ&ase=2&gclid=EAIaIQobChMIsPaUhpGAhwMVJURIAB176wXOEBAYASAAEgIyv_D_BwE&ohost=www.google.com.br&cid=CAASE-RoR1BPUAFQ3MEsjkza_IXgU1U&sig=AOD64_1L_mAakcR3gG2Oup4pZYexCY8A5Q&adurl&q&ctype=99&nis=6,(351),"4,4","GPWJ+CG Rebouças, Curitiba - PR",https://lh5.googleusercontent.com/p/AF1QipMlsv_-D1ZlVoheJs7aNfJ2wd9mZCxOowK5drux=w408-h306-k-no,true
Vita Beach Sports,Quadra de vôlei de praia,(41) 99265-3910,"Av. Presidente Arthur da Silva Bernardes, 693 - Vila Izabel, Curitiba - PR, 80320-300",//www.googleadservices.com/pagead/aclk?sa=L&ai=DChcSEwiw9pSGkYCHAxUlREgAHXvrBc4YABABGgJjZQ&ase=2&gclid=EAIaIQobChMIsPaUhpGAhwMVJURIAB176wXOEBAYASAAEgIyv_D_BwE&ohost=www.google.com.br&cid=CAASE-RoR1BPUAFQ3MEsjkza_IXgU1U&sig=AOD64_1L_mAakcR3gG2Oup4pZYexCY8A5Q&adurl&q&ctype=99&nis=6,(16),"4,6","GMRW+JX Vila Izabel, Curitiba - PR",https://lh5.googleusercontent.com/p/AF1QipOZfjcDg6I_b_j-qyKzsCO5dGWniHRUMkkvXCZY=w408-h306-k-no,false
Areia Carioca CWB - Esportes de Praia,Escola de esportes,(41) 99181-5762,"R. Paula Gomes, 374 - São Francisco, Curitiba - PR, 80510-070",//www.googleadservices.com/pagead/aclk?sa=L&ai=DChcSEwiw9pSGkYCHAxUlREgAHXvrBc4YABABGgJjZQ&ase=2&gclid=EAIaIQobChMIsPaUhpGAhwMVJURIAB176wXOEBAYASAAEgIyv_D_BwE&ohost=www.google.com.br&cid=CAASE-RoR1BPUAFQ3MEsjkza_IXgU1U&sig=AOD64_1L_mAakcR3gG2Oup4pZYexCY8A5Q&adurl&q&ctype=99&nis=6,(143),"4,8","HPGG+8P São Francisco, Curitiba - PR",https://lh5.googleusercontent.com/p/AF1QipOj4JKbyCS_tN-UEJEkxIZBGMwuTdtvbxngPIsX=w408-h272-k-no,true
Skinabol,Quadra de esportes,(41) 3095-0678,"R. Paulo Setúbal, 490 - Hauer, Curitiba - PR, 81630-110",//www.googleadservices.com/pagead/aclk?sa=L&ai=DChcSEwiw9pSGkYCHAxUlREgAHXvrBc4YABABGgJjZQ&ase=2&gclid=EAIaIQobChMIsPaUhpGAhwMVJURIAB176wXOEBAYASAAEgIyv_D_BwE&ohost=www.google.com.br&cid=CAASE-RoR1BPUAFQ3MEsjkza_IXgU1U&sig=AOD64_1L_mAakcR3gG2Oup4pZYexCY8A5Q&adurl&q&ctype=99&nis=6,(99),"4,7","GP8R+X4 Hauer, Curitiba - PR",https://lh5.googleusercontent.com/p/AF1QipMaKDYnyE477m-Rxmj3ICnEssBm-cy9OPBaFynC=w408-h272-k-no,true
"KB Quadras Esportivas, colocação de grama sintética em Curitiba",Campo de futebol,(41) 99693-1950,"Rua Nestor Victor, 213 - Água Verde, Curitiba - PR, 80620-400",//www.googleadservices.com/pagead/aclk?sa=L&ai=DChcSEwiw9pSGkYCHAxUlREgAHXvrBc4YABABGgJjZQ&ase=2&gclid=EAIaIQobChMIsPaUhpGAhwMVJURIAB176wXOEBAYASAAEgIyv_D_BwE&ohost=www.google.com.br&cid=CAASE-RoR1BPUAFQ3MEsjkza_IXgU1U&sig=AOD64_1L_mAakcR3gG2Oup4pZYexCY8A5Q&adurl&q&ctype=99&nis=6,(584),"4,6","GPWC+7G Água Verde, Curitiba - PR",https://lh3.googleusercontent.com/gps-proxy/ALd4DhGIhaXKZjiqBy2xJIwc2JbrJ5e4ftRY0YD2S-J3qCtj4OKJmZyZvyHCzH38LBm51g9YKJbg1qAPCk0h9AazrttKuogcv6fAjwsrKuWck5YyQ7AlqUESYAKgAS_xxS7YwAQpWCNPgsfjnld2nz7jYNSSlsHpxFUCQ1-Pdxw7xC_ntHdzo5PwM-7Ar75q9K37kvYHmg=w408-h306-k-no,true
Quadra de tênis Leo Gava,Quadra de futsal,(41) 98402-4666,"R. Rosa Carvalho Chaves, 367 - Fanny, Curitiba - PR, 82590-300",//www.googleadservices.com/pagead/aclk?sa=L&ai=DChcSEwiw9pSGkYCHAxUlREgAHXvrBc4YABABGgJjZQ&ase=2&gclid=EAIaIQobChMIsPaUhpGAhwMVJURIAB176wXOEBAYASAAEgIyv_D_BwE&ohost=www.google.com.br&cid=CAASE-RoR1BPUAFQ3MEsjkza_IXgU1U&sig=AOD64_1L_mAakcR3gG2Oup4pZYexCY8A5Q&adurl&q&ctype=99&nis=6,(395),"4,5","GP6C+CV Fanny, Curitiba - PR",https://lh5.googleusercontent.com/p/AF1QipPgSf9tzWieJTq8BUYnh-ofcDk7zsTcCsnTxZqz=w408-h306-k-no,true
Galo Futsal,Quadra de tênis,(41) 99224-2270,"R. João Gava, 860 - Abranches, Curitiba - PR, 82130-010",//www.googleadservices.com/pagead/aclk?sa=L&ai=DChcSEwiw9pSGkYCHAxUlREgAHXvrBc4YABABGgJjZQ&ase=2&gclid=EAIaIQobChMIsPaUhpGAhwMVJURIAB176wXOEBAYASAAEgIyv_D_BwE&ohost=www.google.com.br&cid=CAASE-RoR1BPUAFQ3MEsjkza_IXgU1U&sig=AOD64_1L_mAakcR3gG2Oup4pZYexCY8A5Q&adurl&q&ctype=99&nis=6,(24),"5,0","JP7F+XV Abranches, Curitiba - PR",https://lh5.googleusercontent.com/p/AF1QipP9GG0KPPjPuT0JcyLX7BjgCMQVApiPGnnLALjT=w408-h725-k-no,false
i9 Beach Sports,Quadra de esportes,(41) 99129-0919,"R. Rio Guaporé, 764 - Bairro Alto, Curitiba - PR, 82840-320",//www.googleadservices.com/pagead/aclk?sa=L&ai=DChcSEwiw9pSGkYCHAxUlREgAHXvrBc4YABABGgJjZQ&ase=2&gclid=EAIaIQobChMIsPaUhpGAhwMVJURIAB176wXOEBAYASAAEgIyv_D_BwE&ohost=www.google.com.br&cid=CAASE-RoR1BPUAFQ3MEsjkza_IXgU1U&sig=AOD64_1L_mAakcR3gG2Oup4pZYexCY8A5Q&adurl&q&ctype=99&nis=6,(178),"4,7","HQXW+G2 Bairro Alto, Curitiba - PR",https://lh5.googleusercontent.com/p/AF1QipPkFzXqVU4SJICqhmtZ8CWEGVEux9xkg-IF1Jax=w426-h240-k-no,true
Marcão Escola de Futebol Oficial,Quadra de esportes,(41) 99989-7206,"R. Mercedes Seiler Rocha, 327 - Bacacheri, Curitiba - PR, 82520-740",//www.googleadservices.com/pagead/aclk?sa=L&ai=DChcSEwiw9pSGkYCHAxUlREgAHXvrBc4YABABGgJjZQ&ase=2&gclid=EAIaIQobChMIsPaUhpGAhwMVJURIAB176wXOEBAYASAAEgIyv_D_BwE&ohost=www.google.com.br&cid=CAASE-RoR1BPUAFQ3MEsjkza_IXgU1U&sig=AOD64_1L_mAakcR3gG2Oup4pZYexCY8A5Q&adurl&q&ctype=99&nis=6,(109),"4,9","HQRG+FM Bacacheri, Curitiba - PR",https://lh5.googleusercontent.com/p/AF1QipMAcmDkqMNgFDvRMKUsp6DWRoJ7vsgaBSjgp2ei=w408-h545-k-no,true
Centro Esportivo Bagozzi,Quadra de esportes,,"Rua 24 de Maio, 988 - Rebouças, Curitiba - PR, 80230-080",//www.googleadservices.com/pagead/aclk?sa=L&ai=DChcSEwiw9pSGkYCHAxUlREgAHXvrBc4YABABGgJjZQ&ase=2&gclid=EAIaIQobChMIsPaUhpGAhwMVJURIAB176wXOEBAYASAAEgIyv_D_BwE&ohost=www.google.com.br&cid=CAASE-RoR1BPUAFQ3MEsjkza_IXgU1U&sig=AOD64_1L_mAakcR3gG2Oup4pZYexCY8A5Q&adurl&q&ctype=99&nis=6,(42),"4,9","HP3H+HJ Rebouças, Curitiba - PR",https://lh5.googleusercontent.com/p/AF1QipNg2M2HgM3zE0HpPlzlJ88LoaxMv-cgNj-qoPRn=w408-h544-k-no,true
Quadra Poliesportiva do Parque Barigui,Quadra de esportes,,"R. Caetano Marchesini, 850 - Portão, Curitiba - PR, 81070-110",//www.googleadservices.com/pagead/aclk?sa=L&ai=DChcSEwiw9pSGkYCHAxUlREgAHXvrBc4YABABGgJjZQ&ase=2&gclid=EAIaIQobChMIsPaUhpGAhwMVJURIAB176wXOEBAYASAAEgIyv_D_BwE&ohost=www.google.com.br&cid=CAASE-RoR1BPUAFQ3MEsjkza_IXgU1U&sig=AOD64_1L_mAakcR3gG2Oup4pZYexCY8A5Q&adurl&q&ctype=99&nis=6,(241),"4,5","GMFX+9F Portão, Curitiba - PR",https://lh5.googleusercontent.com/p/AF1QipNYwSe1ecEGFX4U7xjUc4BHHyFB2mnaDMmJxg9H=w426-h240-k-no,false
Trevo 116 Sports,Quadra de esportes,(41) 98760-6023,"Mercês, Curitiba - PR",//www.googleadservices.com/pagead/aclk?sa=L&ai=DChcSEwiw9pSGkYCHAxUlREgAHXvrBc4YABABGgJjZQ&ase=2&gclid=EAIaIQobChMIsPaUhpGAhwMVJURIAB176wXOEBAYASAAEgIyv_D_BwE&ohost=www.google.com.br&cid=CAASE-RoR1BPUAFQ3MEsjkza_IXgU1U&sig=AOD64_1L_mAakcR3gG2Oup4pZYexCY8A5Q&adurl&q&ctype=99&nis=6,(3),"4,7","HMHV+W6 Mercês, Curitiba - PR",https://lh5.googleusercontent.com/p/AF1QipN90Mz1qT32Gnkj8M3WbCk6mMh4HNc3AjZKbMZN=w408-h306-k-no,true
Quadra de Basquete,Quadra de esportes,,"BR-476, 3356 - Tingui, Curitiba - PR, 82600-080",//www.googleadservices.com/pagead/aclk?sa=L&ai=DChcSEwiw9pSGkYCHAxUlREgAHXvrBc4YABABGgJjZQ&ase=2&gclid=EAIaIQobChMIsPaUhpGAhwMVJURIAB176wXOEBAYASAAEgIyv_D_BwE&ohost=www.google.com.br&cid=CAASE-RoR1BPUAFQ3MEsjkza_IXgU1U&sig=AOD64_1L_mAakcR3gG2Oup4pZYexCY8A5Q&adurl&q&ctype=99&nis=6,(147),"4,7","JQ4Q+HR Tingui, Curitiba - PR",https://lh5.googleusercontent.com/p/AF1QipPhLwXjy6587d0QhDtuuGKmzWOJVLQXZXZNXRXm=w408-h306-k-no,true
Jogadeira Esportes na Areia,Quadra de basquete,(41) 99944-4977,"Bacacheri, Curitiba - PR, 81020-430",//www.googleadservices.com/pagead/aclk?sa=L&ai=DChcSEwiw9pSGkYCHAxUlREgAHXvrBc4YABABGgJjZQ&ase=2&gclid=EAIaIQobChMIsPaUhpGAhwMVJURIAB176wXOEBAYASAAEgIyv_D_BwE&ohost=www.google.com.br&cid=CAASE-RoR1BPUAFQ3MEsjkza_IXgU1U&sig=AOD64_1L_mAakcR3gG2Oup4pZYexCY8A5Q&adurl&q&ctype=99&nis=6,(34),"4,5","JQ3J+86 Bacacheri, Curitiba - PR",https://lh5.googleusercontent.com/p/AF1QipO9Oscwp6L9V2VavA4ahw4fR7gUIpNuwD7srrDa=w408-h544-k-no,false
Quadra Poliesportiva 2 do Jardim Ambiental,Quadra de esportes,,"Rua Anne Frank, 690 - Hauer, Curitiba - PR, 81730-010",//www.googleadservices.com/pagead/aclk?sa=L&ai=DChcSEwiw9pSGkYCHAxUlREgAHXvrBc4YABABGgJjZQ&ase=2&gclid=EAIaIQobChMIsPaUhpGAhwMVJURIAB176wXOEBAYASAAEgIyv_D_BwE&ohost=www.google.com.br&cid=CAASE-RoR1BPUAFQ3MEsjkza_IXgU1U&sig=AOD64_1L_mAakcR3gG2Oup4pZYexCY8A5Q&adurl&q&ctype=99&nis=6,(81),"4,7","GPGX+VR Hauer, Curitiba - PR",https://lh5.googleusercontent.com/p/AF1QipOgdaRNxTDMoInvexsErtylL36K8wAt_gzHAx8b=w408-h306-k-no,true
Bosque Esporte,Quadra de esportes,(41) 99615-5978,"R. Schiller - Hugo Lange, Curitiba - PR, 82590-300",//www.googleadservices.com/pagead/aclk?sa=L&ai=DChcSEwiw9pSGkYCHAxUlREgAHXvrBc4YABABGgJjZQ&ase=2&gclid=EAIaIQobChMIsPaUhpGAhwMVJURIAB176wXOEBAYASAAEgIyv_D_BwE&ohost=www.google.com.br&cid=CAASE-RoR1BPUAFQ3MEsjkza_IXgU1U&sig=AOD64_1L_mAakcR3gG2Oup4pZYexCY8A5Q&adurl&q&ctype=99&nis=6,(4),"4,0","HQJ2+46 Hugo Lange, Curitiba - PR",https://lh5.googleusercontent.com/p/AF1QipOC_ewk4OXjpOa23ELIjRxtSDgJnUIK7jIbuQrP=w408-h907-k-no,false
Arena Batel Beach Tennis,Quadra de esportes,(41) 99223-2719,"Estr. Delegado Bruno de Almeida, 980 - Tatuquara, Curitiba - PR, 81480-000",//www.googleadservices.com/pagead/aclk?sa=L&ai=DChcSEwiw9pSGkYCHAxUlREgAHXvrBc4YABABGgJjZQ&ase=2&gclid=EAIaIQobChMIsPaUhpGAhwMVJURIAB176wXOEBAYASAAEgIyv_D_BwE&ohost=www.google.com.br&cid=CAASE-RoR1BPUAFQ3MEsjkza_IXgU1U&sig=AOD64_1L_mAakcR3gG2Oup4pZYexCY8A5Q&adurl&q&ctype=99&nis=6,(211),"4,5","CMJP+WJ Tatuquara, Curitiba - PR",https://lh5.googleusercontent.com/p/AF1QipMqLCcIIaMJQJZV_qR5oHdYhybxykaoGw5hXUvz=w408-h544-k-no,true
Espartakos,Quadra de esportes,(41) 3367-9905,"Av. N. Sra. Aparecida, 1051 - Seminário, Curitiba - PR, 80310-100",//www.googleadservices.com/pagead/aclk?sa=L&ai=DChcSEwiw9pSGkYCHAxUlREgAHXvrBc4YABABGgJjZQ&ase=2&gclid=EAIaIQobChMIsPaUhpGAhwMVJURIAB176wXOEBAYASAAEgIyv_D_BwE&ohost=www.google.com.br&cid=CAASE-RoR1BPUAFQ3MEsjkza_IXgU1U&sig=AOD64_1L_mAakcR3gG2Oup4pZYexCY8A5Q&adurl&q&ctype=99&nis=6,(274),"4,3","HM2R+PM Seminário, Curitiba - PR",https://lh5.googleusercontent.com/p/AF1QipM8fwA2CT8M5XNycs0OwH2hHw4JqvTk4ZTxN8xW=w408-h424-k-no,true
bola de meia futebol7 em grama sintética,Quadra de esportes,(41) 3333-6173,"R. José Zgoda, 53 - Bairro Alto, Curitiba - PR, 82820-440",//www.googleadservices.com/pagead/aclk?sa=L&ai=DChcSEwiw9pSGkYCHAxUlREgAHXvrBc4YABABGgJjZQ&ase=2&gclid=EAIaIQobChMIsPaUhpGAhwMVJURIAB176wXOEBAYASAAEgIyv_D_BwE&ohost=www.google.com.br&cid=CAASE-RoR1BPUAFQ3MEsjkza_IXgU1U&sig=AOD64_1L_mAakcR3gG2Oup4pZYexCY8A5Q&adurl&q&ctype=99&nis=6,(441),"4,4","HQQH+4Q Bairro Alto, Curitiba - PR",https://lh5.googleusercontent.com/p/AF1QipNP43B3XrmmiQfWLhzJ6TFXcdGx0IIREZL2MbJ9=w408-h544-k-no,true
QUADRINHA,Quadra de esportes,,"R. João Negrão, 1624 - Centro, Curitiba - PR, 80230-150",//www.googleadservices.com/pagead/aclk?sa=L&ai=DChcSEwiw9pSGkYCHAxUlREgAHXvrBc4YABABGgJjZQ&ase=2&gclid=EAIaIQobChMIsPaUhpGAhwMVJURIAB176wXOEBAYASAAEgIyv_D_BwE&ohost=www.google.com.br&cid=CAASE-RoR1BPUAFQ3MEsjkza_IXgU1U&sig=AOD64_1L_mAakcR3gG2Oup4pZYexCY8A5Q&adurl&q&ctype=99&nis=6,(6),"4,5","HP4Q+MF Centro, Curitiba - PR",https://streetviewpixels-pa.googleapis.com/v1/thumbnail?panoid=ncqNt8k3LpWFjOkPVlSqFA&cb_client=search.gws-prod.gps&w=408&h=240&yaw=66.16557&pitch=0&thumbfov=100,false
Quadra Poliesportiva,Quadra de basquete,,"Jardim das Américas, Curitiba - PR, 82590-300",//www.googleadservices.com/pagead/aclk?sa=L&ai=DChcSEwiw9pSGkYCHAxUlREgAHXvrBc4YABABGgJjZQ&ase=2&gclid=EAIaIQobChMIsPaUhpGAhwMVJURIAB176wXOEBAYASAAEgIyv_D_BwE&ohost=www.google.com.br&cid=CAASE-RoR1BPUAFQ3MEsjkza_IXgU1U&sig=AOD64_1L_mAakcR3gG2Oup4pZYexCY8A5Q&adurl&q&ctype=99&nis=6,(1),"5,0","GQVC+25 Jardim das Américas, Curitiba - PR",https://lh5.googleusercontent.com/p/AF1QipO1g869NgvNvDU85bB-WM-AdGKKBEKuysp-LvMv=w408-h838-k-no,true
Becker Quadras Esportivas,Quadra de esportes,(41) 99782-9788,"Rua Melchiades Silveira do Valle, 2050 - São João, Curitiba - PR, 82030-600",//www.googleadservices.com/pagead/aclk?sa=L&ai=DChcSEwiw9pSGkYCHAxUlREgAHXvrBc4YABABGgJjZQ&ase=2&gclid=EAIaIQobChMIsPaUhpGAhwMVJURIAB176wXOEBAYASAAEgIyv_D_BwE&ohost=www.google.com.br&cid=CAASE-RoR1BPUAFQ3MEsjkza_IXgU1U&sig=AOD64_1L_mAakcR3gG2Oup4pZYexCY8A5Q&adurl&q&ctype=99&nis=6,(5),"2,2","JM6W+X8 São João, Curitiba - PR",https://streetviewpixels-pa.googleapis.com/v1/thumbnail?panoid=NefKggk2pKyISF3iBOFM2Q&cb_client=search.gws-prod.gps&w=408&h=240&yaw=135.10718&pitch=0&thumbfov=100,true
Quadra de Futebol - Parque Diadema,Quadra de esportes,,"R. Dom Bosco, 446 - Novo Mundo, Curitiba - PR, 81050-330",//www.googleadservices.com/pagead/aclk?sa=L&ai=DChcSEwiw9pSGkYCHAxUlREgAHXvrBc4YABABGgJjZQ&ase=2&gclid=EAIaIQobChMIsPaUhpGAhwMVJURIAB176wXOEBAYASAAEgIyv_D_BwE&ohost=www.google.com.br&cid=CAASE-RoR1BPUAFQ3MEsjkza_IXgU1U&sig=AOD64_1L_mAakcR3gG2Oup4pZYexCY8A5Q&adurl&q&ctype=99&nis=6,(2),"3,0","GM4V+3P Novo Mundo, Curitiba - PR",https://streetviewpixels-pa.googleapis.com/v1/thumbnail?panoid=3fFezT6JaJOksfZDLOAvMg&cb_client=search.gws-prod.gps&w=408&h=240&yaw=258.18954&pitch=0&thumbfov=100,false
Quadra de Basquete Claudio Manoel Loyola e Silva,Quadra de esportes,,"R. Antônio Dionísio Sobrinho, 476-596 - Cidade Industrial de Curitiba, Curitiba - PR, 81450-310",//www.googleadservices.com/pagead/aclk?sa=L&ai=DChcSEwiw9pSGkYCHAxUlREgAHXvrBc4YABABGgJjZQ&ase=2&gclid=EAIaIQobChMIsPaUhpGAhwMVJURIAB176wXOEBAYASAAEgIyv_D_BwE&ohost=www.google.com.br&cid=CAASE-RoR1BPUAFQ3MEsjkza_IXgU1U&sig=AOD64_1L_mAakcR3gG2Oup4pZYexCY8A5Q&adurl&q&ctype=99&nis=6,(17),"4,3","GM52+92 Cidade Industrial de Curitiba, Curitiba - PR",https://streetviewpixels-pa.googleapis.com/v1/thumbnail?panoid=rUlcnAX_xPwHvs_psDrsUA&cb_client=search.gws-prod.gps&w=408&h=240&yaw=330.16956&pitch=0&thumbfov=100,false
Arena CWB,Quadra de basquete,(41) 99891-5241,"R. Expedicionário Francisco Pereira dos Santos, 510 - Alto Boqueirão, Curitiba - PR, 81850-280",//www.googleadservices.com/pagead/aclk?sa=L&ai=DChcSEwiw9pSGkYCHAxUlREgAHXvrBc4YABABGgJjZQ&ase=2&gclid=EAIaIQobChMIsPaUhpGAhwMVJURIAB176wXOEBAYASAAEgIyv_D_BwE&ohost=www.google.com.br&cid=CAASE-RoR1BPUAFQ3MEsjkza_IXgU1U&sig=AOD64_1L_mAakcR3gG2Oup4pZYexCY8A5Q&adurl&q&ctype=99&nis=6,(3),"5,0","FP9X+6M Alto Boqueirão, Curitiba - PR",https://lh5.googleusercontent.com/p/AF1QipPTeHz1lBpjCfUmirJ4B_uklhZdM8pdU6sOwu7k=w408-h544-k-no,true
Centro Esportivo Boca Junior,Quadra de esportes,(41) 3349-7830,"R. Eduardo Pinto da Rocha, 369 - Alto Boqueirão, Curitiba - PR, 82510-290",//www.googleadservices.com/pagead/aclk?sa=L&ai=DChcSEwiw9pSGkYCHAxUlREgAHXvrBc4YABABGgJjZQ&ase=2&gclid=EAIaIQobChMIsPaUhpGAhwMVJURIAB176wXOEBAYASAAEgIyv_D_BwE&ohost=www.google.com.br&cid=CAASE-RoR1BPUAFQ3MEsjkza_IXgU1U&sig=AOD64_1L_mAakcR3gG2Oup4pZYexCY8A5Q&adurl&q&ctype=99&nis=6,(201),"4,6","FQ84+9V Alto Boqueirão, Curitiba - PR",https://lh5.googleusercontent.com/p/AF1QipO0DEt7bA-m8uwwe5vsaKMdZzsYOfDKMhwx72r6=w408-h544-k-no,true
Quadras de Peteca,Quadra de esportes,,"Rua Alfonso Osvaldo Grellmann, 68 - Pinheirinho, Curitiba - PR, 81880-080",//www.googleadservices.com/pagead/aclk?sa=L&ai=DChcSEwiw9pSGkYCHAxUlREgAHXvrBc4YABABGgJjZQ&ase=2&gclid=EAIaIQobChMIsPaUhpGAhwMVJURIAB176wXOEBAYASAAEgIyv_D_BwE&ohost=www.google.com.br&cid=CAASE-RoR1BPUAFQ3MEsjkza_IXgU1U&sig=AOD64_1L_mAakcR3gG2Oup4pZYexCY8A5Q&adurl&q&ctype=99&nis=6,(722),"4,6","FP73+JJ Pinheirinho, Curitiba - PR",https://lh5.googleusercontent.com/p/AF1QipM5JmZqWjmCKlWWasEZn7IY5UKb4-T6ejvqcMKl=w426-h240-k-no,true
Quadra de Tênis Seminário,Quadra de esportes,,"Mercês, Curitiba - PR",//www.googleadservices.com/pagead/aclk?sa=L&ai=DChcSEwiw9pSGkYCHAxUlREgAHXvrBc4YABABGgJjZQ&ase=2&gclid=EAIaIQobChMIsPaUhpGAhwMVJURIAB176wXOEBAYASAAEgIyv_D_BwE&ohost=www.google.com.br&cid=CAASE-RoR1BPUAFQ3MEsjkza_IXgU1U&sig=AOD64_1L_mAakcR3gG2Oup4pZYexCY8A5Q&adurl&q&ctype=99&nis=6,,,"HMHV+QJ Mercês, Curitiba - PR",,false
Pé na Areia - Santa Felicidade,Quadra de tênis,(41) 98406-1607,"Seminário, Curitiba - PR, 80310-550",//www.googleadservices.com/pagead/aclk?sa=L&ai=DChcSEwiw9pSGkYCHAxUlREgAHXvrBc4YABABGgJjZQ&ase=2&gclid=EAIaIQobChMIsPaUhpGAhwMVJURIAB176wXOEBAYASAAEgIyv_D_BwE&ohost=www.google.com.br&cid=CAASE-RoR1BPUAFQ3MEsjkza_IXgU1U&sig=AOD64_1L_mAakcR3gG2Oup4pZYexCY8A5Q&adurl&q&ctype=99&nis=6,(5),"4,4","GMWR+Q5 Seminário, Curitiba - PR",https://streetviewpixels-pa.googleapis.com/v1/thumbnail?panoid=MnE_qdxV579tEcTLwd-ZFg&cb_client=search.gws-prod.gps&w=408&h=240&yaw=223.08485&pitch=0&thumbfov=100,false
Garrafão de basquete do Jardim Ambiental,Quadra de esportes,,"Rua Antônio Escorsin, 2152 - Santa Felicidade, Curitiba - PR, 82015-000",//www.googleadservices.com/pagead/aclk?sa=L&ai=DChcSEwiw9pSGkYCHAxUlREgAHXvrBc4YABABGgJjZQ&ase=2&gclid=EAIaIQobChMIsPaUhpGAhwMVJURIAB176wXOEBAYASAAEgIyv_D_BwE&ohost=www.google.com.br&cid=CAASE-RoR1BPUAFQ3MEsjkza_IXgU1U&sig=AOD64_1L_mAakcR3gG2Oup4pZYexCY8A5Q&adurl&q&ctype=99&nis=6,(34),"4,8","HMJ2+C5 Santa Felicidade, Curitiba - PR",https://lh5.googleusercontent.com/p/AF1QipPQVgLnsUg06yKDIICp1zkuVhq-Yecvst6KT_bk=w408-h906-k-no,true
Arena Coliseu Sports,Quadra de basquete,(41) 98857-1917,"R. Schiller, 1813 - Alto da XV, Curitiba - PR, 80040-160",//www.googleadservices.com/pagead/aclk?sa=L&ai=DChcSEwiw9pSGkYCHAxUlREgAHXvrBc4YABABGgJjZQ&ase=2&gclid=EAIaIQobChMIsPaUhpGAhwMVJURIAB176wXOEBAYASAAEgIyv_D_BwE&ohost=www.google.com.br&cid=CAASE-RoR1BPUAFQ3MEsjkza_IXgU1U&sig=AOD64_1L_mAakcR3gG2Oup4pZYexCY8A5Q&adurl&q&ctype=99&nis=6,(3),"4,7","HQJ2+F7 Alto da XV, Curitiba - PR",https://lh5.googleusercontent.com/p/AF1QipOEcMFK-nR4-PupzzFDBVjcC8RDCS7Bj2Hdz8ae=w408-h306-k-no,true
Quadras de vôlei e futebol do Tingui,Quadra de esportes,,"Rua João Kalinowski, 211 - Cidade Industrial de Curitiba, Curitiba - PR, 81020-490",//www.googleadservices.com/pagead/aclk?sa=L&ai=DChcSEwiw9pSGkYCHAxUlREgAHXvrBc4YABABGgJjZQ&ase=2&gclid=EAIaIQobChMIsPaUhpGAhwMVJURIAB176wXOEBAYASAAEgIyv_D_BwE&ohost=www.google.com.br&cid=CAASE-RoR1BPUAFQ3MEsjkza_IXgU1U&sig=AOD64_1L_mAakcR3gG2Oup4pZYexCY8A5Q&adurl&q&ctype=99&nis=6,(438),"4,7","FMR9+J2 Cidade Industrial de Curitiba, Curitiba - PR",https://lh5.googleusercontent.com/p/AF1QipPJUjyYgcZtJOoWix6sdc_3KVw1pkPnsfbtpwNK=w408-h306-k-no,true
Centro Esportivo Luiz Brun,Quadra de esportes,(41) 98835-9318,"R. Prof. Dário García - Vista Alegre, Curitiba - PR, 81020-490",//www.googleadservices.com/pagead/aclk?sa=L&ai=DChcSEwiw9pSGkYCHAxUlREgAHXvrBc4YABABGgJjZQ&ase=2&gclid=EAIaIQobChMIsPaUhpGAhwMVJURIAB176wXOEBAYASAAEgIyv_D_BwE&ohost=www.google.com.br&cid=CAASE-RoR1BPUAFQ3MEsjkza_IXgU1U&sig=AOD64_1L_mAakcR3gG2Oup4pZYexCY8A5Q&adurl&q&ctype=99&nis=6,,,"HMWX+4F Vista Alegre, Curitiba - PR",https://streetviewpixels-pa.googleapis.com/v1/thumbnail?panoid=OyZbyozy7f3xrOLRrltw2Q&cb_client=search.gws-prod.gps&w=408&h=240&yaw=92.23874&pitch=0&thumbfov=100,false
Quadras de esportes - Parque Bacacheri,Quadra de esportes,,"Rua Octacyr Reinaldo Mion, 632 - Xaxim, Curitiba - PR, 81710-050",//www.googleadservices.com/pagead/aclk?sa=L&ai=DChcSEwiw9pSGkYCHAxUlREgAHXvrBc4YABABGgJjZQ&ase=2&gclid=EAIaIQobChMIsPaUhpGAhwMVJURIAB176wXOEBAYASAAEgIyv_D_BwE&ohost=www.google.com.br&cid=CAASE-RoR1BPUAFQ3MEsjkza_IXgU1U&sig=AOD64_1L_mAakcR3gG2Oup4pZYexCY8A5Q&adurl&q&ctype=99&nis=6,(83),"4,6","GP3J+X9 Xaxim, Curitiba - PR",https://lh5.googleusercontent.com/p/AF1QipProzXigIJ5w5dScja4pjCZVpSIPTqSOMlPo6jf=w426-h240-k-no,true
Quadra de Basquete da Praça Dr Ewaldo Riedel,Quadra de esportes,,"220, Rua Franz Josef Hoch, 118 - Bacacheri, Curitiba - PR, 82510-460",//www.googleadservices.com/pagead/aclk?sa=L&ai=DChcSEwiw9pSGkYCHAxUlREgAHXvrBc4YABABGgJjZQ&ase=2&gclid=EAIaIQobChMIsPaUhpGAhwMVJURIAB176wXOEBAYASAAEgIyv_D_BwE&ohost=www.google.com.br&cid=CAASE-RoR1BPUAFQ3MEsjkza_IXgU1U&sig=AOD64_1L_mAakcR3gG2Oup4pZYexCY8A5Q&adurl&q&ctype=99&nis=6,(2),"5,0","JQ68+CW Bacacheri, Curitiba - PR",https://lh5.googleusercontent.com/p/AF1QipOV_VPiLl0T7ETcPl9bQ1yfdBTFv9HCHhvRGUMH=w408-h725-k-no,false
Curitiba Tennis Center,Quadra de basquete,(41) 3332-6310,"R. Leandro Dacheux do Nascimento Júnior, 174 - Cidade Industrial de Curitiba, Curitiba - PR, 81270-220",//www.googleadservices.com/pagead/aclk?sa=L&ai=DChcSEwiw9pSGkYCHAxUlREgAHXvrBc4YABABGgJjZQ&ase=2&gclid=EAIaIQobChMIsPaUhpGAhwMVJURIAB176wXOEBAYASAAEgIyv_D_BwE&ohost=www.google.com.br&cid=CAASE-RoR1BPUAFQ3MEsjkza_IXgU1U&sig=AOD64_1L_mAakcR3gG2Oup4pZYexCY8A5Q&adurl&q&ctype=99&nis=6,(1),"5,0","GJWV+6F Cidade Industrial de Curitiba, Curitiba - PR",https://streetviewpixels-pa.googleapis.com/v1/thumbnail?panoid=GftOzNucXFvXX-zxkheMVw&cb_client=search.gws-prod.gps&w=408&h=240&yaw=267.87823&pitch=0&thumbfov=100,false
Arena Anita,Quadra de tênis,(41) 98842-0108,"Rua Manoel Hygino dos Santos, 157 - Guaíra, Curitiba - PR, 80630-230",//www.googleadservices.com/pagead/aclk?sa=L&ai=DChcSEwiw9pSGkYCHAxUlREgAHXvrBc4YABABGgJjZQ&ase=2&gclid=EAIaIQobChMIsPaUhpGAhwMVJURIAB176wXOEBAYASAAEgIyv_D_BwE&ohost=www.google.com.br&cid=CAASE-RoR1BPUAFQ3MEsjkza_IXgU1U&sig=AOD64_1L_mAakcR3gG2Oup4pZYexCY8A5Q&adurl&q&ctype=99&nis=6,(67),"4,7","GPMJ+7X Guaíra, Curitiba - PR",https://lh5.googleusercontent.com/p/AF1QipPGa9D7vFiKkSwCb_0VbnIy1I9p_rJvftk1Qyz5=w408-h725-k-no,true
Arena Eppinghaus,Quadra de esportes,,"Av. Anita Garibaldi, 2510 - Boa Vista, Curitiba - PR, 82210-000",//www.googleadservices.com/pagead/aclk?sa=L&ai=DChcSEwiw9pSGkYCHAxUlREgAHXvrBc4YABABGgJjZQ&ase=2&gclid=EAIaIQobChMIsPaUhpGAhwMVJURIAB176wXOEBAYASAAEgIyv_D_BwE&ohost=www.google.com.br&cid=CAASE-RoR1BPUAFQ3MEsjkza_IXgU1U&sig=AOD64_1L_mAakcR3gG2Oup4pZYexCY8A5Q&adurl&q&ctype=99&nis=6,(113),"4,7","JP5R+G4 Boa Vista, Curitiba - PR",https://lh5.googleusercontent.com/p/AF1QipM_kHa7nSRV3KOEFNQCMeE_XCQEEbW69I66n2Y1=w426-h240-k-no,true
Be Happy Beach Sports,Quadra de basquete,,"Juvevê, Curitiba - PR, 82590-300",//www.googleadservices.com/pagead/aclk?sa=L&ai=DChcSEwiw9pSGkYCHAxUlREgAHXvrBc4YABABGgJjZQ&ase=2&gclid=EAIaIQobChMIsPaUhpGAhwMVJURIAB176wXOEBAYASAAEgIyv_D_BwE&ohost=www.google.com.br&cid=CAASE-RoR1BPUAFQ3MEsjkza_IXgU1U&sig=AOD64_1L_mAakcR3gG2Oup4pZYexCY8A5Q&adurl&q&ctype=99&nis=6,(21),"5,0","HPPW+3Q Juvevê, Curitiba - PR",https://lh5.googleusercontent.com/p/AF1QipN_LyAomLmGK7MmYuQSB1e-7UAdjUOBTj5JvT_p=w408-h301-k-no,true
Taurino Futsal,Quadra de esportes,,"Av. Pres. Getúlio Vargas, 2478 - Água Verde, Curitiba - PR, 80240-040",//www.googleadservices.com/pagead/aclk?sa=L&ai=DChcSEwiw9pSGkYCHAxUlREgAHXvrBc4YABABGgJjZQ&ase=2&gclid=EAIaIQobChMIsPaUhpGAhwMVJURIAB176wXOEBAYASAAEgIyv_D_BwE&ohost=www.google.com.br&cid=CAASE-RoR1BPUAFQ3MEsjkza_IXgU1U&sig=AOD64_1L_mAakcR3gG2Oup4pZYexCY8A5Q&adurl&q&ctype=99&nis=6,(8),"4,9","HP28+9Q Água Verde, Curitiba - PR",https://streetviewpixels-pa.googleapis.com/v1/thumbnail?panoid=osEzgDdtVJQUO4y2o4ycjA&cb_client=search.gws-prod.gps&w=408&h=240&yaw=348.2578&pitch=0&thumbfov=100,false
Quadra Esportiva (de areia),Quadra de esportes,,"R. Gen. Teodorico Guimarães, 68 - Fanny, Curitiba - PR, 82590-300",//www.googleadservices.com/pagead/aclk?sa=L&ai=DChcSEwiw9pSGkYCHAxUlREgAHXvrBc4YABABGgJjZQ&ase=2&gclid=EAIaIQobChMIsPaUhpGAhwMVJURIAB176wXOEBAYASAAEgIyv_D_BwE&ohost=www.google.com.br&cid=CAASE-RoR1BPUAFQ3MEsjkza_IXgU1U&sig=AOD64_1L_mAakcR3gG2Oup4pZYexCY8A5Q&adurl&q&ctype=99&nis=6,(11),"4,9","GPCQ+X3 Fanny, Curitiba - PR",https://lh5.googleusercontent.com/p/AF1QipPUrRpjpcK2VTPfvQcmmsXzzeZRMgZ2-dqMuggu=w408-h306-k-no,true
Centro Esportivo Ipiranga,Quadra de vôlei de praia,(41) 99598-4368,"Av. Mal. Humberto de Alencar Castelo Branco, 779 - Jardim Social, Curitiba - PR, 82590-300",//www.googleadservices.com/pagead/aclk?sa=L&ai=DChcSEwiw9pSGkYCHAxUlREgAHXvrBc4YABABGgJjZQ&ase=2&gclid=EAIaIQobChMIsPaUhpGAhwMVJURIAB176wXOEBAYASAAEgIyv_D_BwE&ohost=www.google.com.br&cid=CAASE-RoR1BPUAFQ3MEsjkza_IXgU1U&sig=AOD64_1L_mAakcR3gG2Oup4pZYexCY8A5Q&adurl&q&ctype=99&nis=6,,,"HQ87+G5 Jardim Social, Curitiba - PR",https://lh5.googleusercontent.com/p/AF1QipMtnKDh-9bb3xlRnS1kuKIg-u428aPkC-o7_Vke=w408-h306-k-no,false
K10 Centro Esportivo,Ginásio poliesportivo,(41) 99981-4724,"R. Ipiranga, 770 - Capão Raso, Curitiba - PR, 81110-410",//www.googleadservices.com/pagead/aclk?sa=L&ai=DChcSEwiw9pSGkYCHAxUlREgAHXvrBc4YABABGgJjZQ&ase=2&gclid=EAIaIQobChMIsPaUhpGAhwMVJURIAB176wXOEBAYASAAEgIyv_D_BwE&ohost=www.google.com.br&cid=CAASE-RoR1BPUAFQ3MEsjkza_IXgU1U&sig=AOD64_1L_mAakcR3gG2Oup4pZYexCY8A5Q&adurl&q&ctype=99&nis=6,(1.598),"4,6","FPV6+RM Capão Raso, Curitiba - PR",https://lh5.googleusercontent.com/p/AF1QipNLHXJCzmJfRP6gxLOF8K4UdtH9DdkEtoTsW499=w426-h240-k-no,true
ATP Beach - Esportes de Areia,Campo de futebol,(41) 3016-6876,"Rua Teffé, 1204 - Vista Alegre, Curitiba - PR, 80520-110",//www.googleadservices.com/pagead/aclk?sa=L&ai=DChcSEwiw9pSGkYCHAxUlREgAHXvrBc4YABABGgJjZQ&ase=2&gclid=EAIaIQobChMIsPaUhpGAhwMVJURIAB176wXOEBAYASAAEgIyv_D_BwE&ohost=www.google.com.br&cid=CAASE-RoR1BPUAFQ3MEsjkza_IXgU1U&sig=AOD64_1L_mAakcR3gG2Oup4pZYexCY8A5Q&adurl&q&ctype=99&nis=6,(503),"4,5","HPP7+PM Vista Alegre, Curitiba - PR",https://lh5.googleusercontent.com/p/AF1QipNDMaXoYEb2DLaFJ_q9jbaE_HqIHOVQLanAymLS=w426-h240-k-no,true
Quadra de areia 3,Quadra de esportes,,"R. Itupava, 205 - Alto da Glória, Curitiba - PR, 80060-272",//www.googleadservices.com/pagead/aclk?sa=L&ai=DChcSEwiw9pSGkYCHAxUlREgAHXvrBc4YABABGgJjZQ&ase=2&gclid=EAIaIQobChMIsPaUhpGAhwMVJURIAB176wXOEBAYASAAEgIyv_D_BwE&ohost=www.google.com.br&cid=CAASE-RoR1BPUAFQ3MEsjkza_IXgU1U&sig=AOD64_1L_mAakcR3gG2Oup4pZYexCY8A5Q&adurl&q&ctype=99&nis=6,(66),"4,9","HPGR+HP Alto da Glória, Curitiba - PR",https://lh5.googleusercontent.com/p/AF1QipN8eHEK2CZVl5WawvEfPW6vlpWQXQqmJUPlDDYs=w408-h306-k-no,false
Centro de Esporte e Lazer Xaxim / Vereador João Derosso,Quadra de esportes,(41) 3376-6328,"R. Calixto Razolini, 220 - Portão, Curitiba - PR, 81070-060",//www.googleadservices.com/pagead/aclk?sa=L&ai=DChcSEwiw9pSGkYCHAxUlREgAHXvrBc4YABABGgJjZQ&ase=2&gclid=EAIaIQobChMIsPaUhpGAhwMVJURIAB176wXOEBAYASAAEgIyv_D_BwE&ohost=www.google.com.br&cid=CAASE-RoR1BPUAFQ3MEsjkza_IXgU1U&sig=AOD64_1L_mAakcR3gG2Oup4pZYexCY8A5Q&adurl&q&ctype=99&nis=6,(2),"4,5","GPF4+86 Portão, Curitiba - PR",https://lh5.googleusercontent.com/p/AF1QipOWUudLGcWxP_UddWieYRhtkIDH8ubWDeuXIVKM=w493-h240-k-no,false
Escola de Futebol Boca Juniors,Quadra de esportes,(41) 3011-3580,"Rua Dom José Marello, 101 - Xaxim, Curitiba - PR, 81710-190",//www.googleadservices.com/pagead/aclk?sa=L&ai=DChcSEwiw9pSGkYCHAxUlREgAHXvrBc4YABABGgJjZQ&ase=2&gclid=EAIaIQobChMIsPaUhpGAhwMVJURIAB176wXOEBAYASAAEgIyv_D_BwE&ohost=www.google.com.br&cid=CAASE-RoR1BPUAFQ3MEsjkza_IXgU1U&sig=AOD64_1L_mAakcR3gG2Oup4pZYexCY8A5Q&adurl&q&ctype=99&nis=6,(207),"4,6","GP2M+M8 Xaxim, Curitiba - PR",https://lh5.googleusercontent.com/p/AF1QipMRB2Ee5qOskvqyb3oTRF-AUW4kXXKiTOcqfSLq=w426-h240-k-no,true
